Name,established,Staffcounttotal,Totalfundsraised10yearsmn,International,Totalnumberoffunds,FundSize_Preqin,Auditor_pct,Avg_vintage,Scale_number_portfolio_companies,Sum_wtvpi,Sum_wirr_preqin,Firm_age,LogFundSize_Preqin,FundSize_Calvin,WestCoast,EastCoast,OtherUSLocation,LogFundSize_Calvin,Log_Staffcount,Sum_wirr_all,MissingIRR,BuyoutFund,VCGrowthCapital,Diversified,Healthcare,Technology,ConsumerGoods,OtherIndustry,Public,HasESGonWebsite,E_navigationalpage,E_document,E_Portfoliocasestudies,E_Media,E_AdoptTCFD,E_SignatorytoICI,E_SignatoryNetZeroAsset,E_CarbonNeutralProtocolCert,S_navigationalpage,S_document,S_Portfoliocasestudies,S_Media,S_DEIpolicy,S_DEIcommittee,S_ChiefDiversityOfficer,S_SignatoryILPADiversity,S_SignatoryCEOAction,S_SponsorLevel20,S_10pctWomeninBoard,S_10pctWomeninLeadership,G_navigationalpage,G_document,G_Portfoliocasestudies,Other_ESGfund,Other_ESGmicrosite,Other_ESGdocument,Other_Portfoliocasestudies,Other_ESGMedia,Other_ESGsectionvisible,Other_ESGpolicy,Other_ESGreport,Other_ChiefESGofficer,Other_ESGcommittee,Other_SignatoryPRI,Other_AdoptAICGuidelines,Other_AdoptSASBstandards,Other_AlignwithSDGs,Other_SignatoryESGConvergence,Other_ESGAwards,E_HasDocumentsorPages,E_ALLSignatory,S_HasDEI,S_ALLSignatory,S_10PctWomenBoardExec,S_HasDocumentsorPages,G_HasDocumentsorPages,Other_HasESGHeadorCommittee,Other_ALLFramework,E_WeightedESGScore_1,S_WeightedESGScore_1,G_WeightedESGScore_1,Other_WeightedESGScore_1,Total_WeightedESGScore_1,E_WeightedESGScore_2,S_WeightedESGScore_2,G_WeightedESGScore_2,Other_WeightedESGScore_2,Total_WeightedESGScore_2,Total_WeightedESGScore_3,Total_WeightedESGScore_4,E_WeightedESGScore_5,S_WeightedESGScore_5,G_WeightedESGScore_5,Other_WeightedESGScore_5,Total_WeightedESGScore_5,Total_WeightedESGScore_6,Total_WeightedESGScore_7,Total_WeightedESGScore_8,E_GreenwashingScore_1,E_HasDocsOrMedia,E_GreenwashingScore_2,E_HasDocsOrMedia_2,S_GreenwashingScore_1,S_HasDocsOrMedia,S_GreenwashingScore_2,S_HasDocsOrMedia_2,Other_GreenwashingScore_1,Total_EorSDocsOrMedia,Other_GreenwashingScore_2,Total_EorSDocsOrMedia_2,Total_GreenwashingScore_1,Total_GreenwashingScore_2,High_Frameworks,Medium_Frameworks,Low_Frameworks,Low_Medium_Frameworks
Searchlight Capital Partners,2010,95,NA,0,3,6203,1,2015,NA,NA,1.3232307434082031,11,8.7327880859375,3400,0,1,0,8.13153076171875,4.553876876831055,1.3232307434082031,0,1,0,1,0,0,0,0,0,0,0,0,0,0,0,0,0,0,0,0,0,0,0,0,0,0,0,0,0,0,0,0,0,0,0,0,0,0,0,0,0,0,0,0,0,0,0,0,0,0,0,0,0,0,0,0,0,0,0,0,0,0,0,0,0,0,0,0,0,0,0,0,0,0,0,0,0,0,NA,0,NA,0,NA,0,NA,0,NA,0,NA,0,NA,NA,0,0,0,0
Vista Equity Partners,2000,503,61481.7,0,32,52167.80078125,0.75,2018.25,2,0.8875212073326111,11.234091758728027,21,10.862220764160156,37806,0,0,1,10.540223121643066,6.220590114593506,11.234091758728027,0,1,0,0,0,1,0,0,1,1,1,0,0,0,0,0,1,0,1,0,0,0,0,0,0,1,0,0,0,1,1,0,0,0,0,1,0,0,1,1,1,1,0,1,0,0,0,0,0,1,1,0,1,1,1,1,1,1,0.27272728085517883,0.5,0.25,0.5384615659713745,3.1451048851013184,0.20000000298023224,0.4000000059604645,0.25,0.4545454680919647,2.5590908527374268,3,1.304545521736145,0.3333333432674408,0.4000000059604645,0.5,0.6000000238418579,3.5,1.8333333730697632,1.9590909481048584,2.7666666507720947,3,1,1,1,2,1,2,1,2,1,2,1,7,5,0,2,1,3
K1 Investment Management,2010,71,7240,0,7,7460,0.8571428656578064,2016.7142333984375,NA,0.270114541053772,4.2110185623168945,11,8.91731071472168,7264,1,0,0,8.89068603515625,4.2626800537109375,4.2110185623168945,0,1,0,0,0,1,0,0,0,0,0,0,0,0,0,0,0,0,0,0,0,0,0,0,0,0,0,0,0,0,0,0,0,0,0,0,0,0,0,0,0,0,0,0,0,0,0,0,0,0,0,0,0,0,0,0,0,0,0,0,0,0,0,0,0,0,0,0,0,0,0,0,0,0,0,0,0,0,NA,0,NA,0,NA,0,NA,0,NA,0,NA,0,NA,NA,0,0,0,0
ACON Investments,1996,55,3400.8,1,8,3514.800048828125,0.875,2017.875,1,0.6350513696670532,7.3952202796936035,25,8.164737701416016,3442,0,1,0,8.143808364868164,4.007333278656006,7.3952202796936035,0,1,0,0,0,0,0,0,0,1,0,0,0,0,0,0,0,0,0,0,0,0,0,0,0,0,0,0,0,0,0,0,0,0,0,0,0,0,0,0,0,0,0,1,0,0,0,0,0,0,0,0,0,0,0,0,0,1,0,0,0,0.1538461595773697,0.3076923191547394,0,0,0,0,0,1,0,0,0,0,0,0,0,0,0,0,0,0,0,0,0,0,0,0,0,0,0,0,0,0,1,0,1
Thomas H Lee Partners,1974,77,14473.1,1,7,8283.099609375,0.1428571492433548,2020.4285888671875,1,NA,NA,47,9.02197265625,10080,0,1,0,9.218308448791504,4.343805313110352,26.420000076293945,1,1,0,1,0,0,0,0,0,1,0,0,0,0,0,0,0,0,0,0,0,0,0,0,0,0,0,0,0,0,0,0,0,0,0,0,0,0,1,0,0,0,0,1,1,0,0,0,0,0,0,0,0,0,0,0,0,1,0,0,0,0.1538461595773697,0.3076923191547394,0,0,0,0,0,2,0,0,0,0,0,0,0,0,0,0,0,0,0,0,0,0,0,0,0,0,0,0,0,0,1,1,2
One Equity Partners,2001,46,7471.9,1,6,7471.89990234375,0.5,2018.6666259765625,1,NA,NA,20,8.918904304504395,3400,0,1,0,8.13153076171875,3.828641414642334,NA,1,1,0,0,1,0,0,0,0,1,0,0,0,0,0,0,0,0,0,0,0,0,0,0,0,0,0,0,0,1,0,0,0,0,0,0,0,0,0,0,0,0,0,0,0,0,0,0,0,0,0,0,0,1,0,0,0,0,0,0.25,0,0,0.5,0,0.30000001192092896,0,0,0.6000000238418579,0,0.30000001192092896,0,0.20000000298023224,0,0,0.4000000059604645,0.20000000298023224,0.30000001192092896,0.20000000298023224,0,0,0,0,0,0,0,0,0,0,0,0,0,0,0,0,0,0
Veritas Capital,1992,94,24375,0,5,14204,0.4000000059604645,2016.4000244140625,NA,NA,2.305032253265381,29,9.561279296875,19208,0,1,0,9.863081932067871,4.543294906616211,2.305032253265381,0,1,0,1,0,0,0,0,0,0,0,0,0,0,0,0,0,0,0,0,0,0,0,0,0,0,0,0,0,0,0,0,0,0,0,0,0,0,0,0,0,0,0,0,0,0,0,0,0,0,0,0,0,0,0,0,0,0,0,0,0,0,0,0,0,0,0,0,0,0,0,0,0,0,0,0,0,0,NA,0,NA,0,NA,0,NA,0,NA,0,NA,0,NA,NA,0,0,0,0
Roark Capital Group,2001,108,16523.7,0,9,13314.900390625,1,2015.4444580078125,2,0.8420040607452393,13.425185203552246,20,9.496639251708984,7500,0,0,1,8.92265796661377,4.682131290435791,13.425185203552246,0,1,0,0,0,0,0,0,0,1,0,0,0,0,0,0,0,0,1,0,0,1,0,0,1,0,0,0,0,0,0,0,0,0,0,0,0,0,1,0,0,0,0,0,0,0,0,0,0,0,0,1,0,0,1,0,0,0,0,0.3333333432674408,0,0,0.6666666865348816,0,0.4000000059604645,0,0,0.800000011920929,0,0.4000000059604645,0,0.6000000238418579,0,0,1.2000000476837158,0.6000000238418579,0.4000000059604645,0.6000000238418579,0,0,0,0,3,1,2,1,6,1,5,1,9,7,0,0,0,0
KPS Capital Partners,1998,64,10713.8,0,3,10897.5,1,2013.3333740234375,1,NA,7.241945266723633,23,9.29628849029541,7142,0,1,0,8.873747825622559,4.158883094787598,7.241945266723633,0,1,0,1,0,0,0,0,0,0,0,0,0,0,0,0,0,0,0,0,0,0,0,0,0,0,0,0,0,0,0,0,0,0,0,0,0,0,0,0,0,0,0,0,0,0,0,0,0,0,0,0,0,0,0,0,0,0,0,0,0,0,0,0,0,0,0,0,0,0,0,0,0,0,0,0,0,0,NA,0,NA,0,NA,0,NA,0,NA,0,NA,0,NA,NA,0,0,0,0
Lindsay Goldberg,2001,48,NA,0,3,11629.2001953125,1,2014,NA,NA,14.363663673400879,20,9.361274719238281,3758,0,1,0,8.23164176940918,3.8712010383605957,14.363663673400879,0,1,0,1,0,0,0,0,0,1,0,0,0,0,0,0,0,0,0,0,0,0,0,0,0,0,0,0,0,0,0,0,0,0,0,0,0,0,0,0,0,0,0,0,0,0,0,0,0,0,0,0,0,0,0,0,0,0,0,0,0,0,0,0,0,0,0,0,0,0,0,0,0,0,0,0,0,0,0,0,0,0,0,0,0,0,0,0,0,0,0,0,0,0,0,0
GI Partners,2001,93,9336.4,0,12,10635,0.6666666865348816,2019.0833740234375,NA,0.39469805359840393,5.5458984375,20,9.271905899047852,9002,1,0,0,9.105201721191406,4.532599449157715,5.5458984375,0,1,0,1,0,0,0,0,0,1,0,0,0,0,0,0,0,0,0,0,0,0,0,0,0,0,0,0,0,0,0,0,0,0,0,0,0,0,0,0,0,0,1,1,0,0,0,0,0,0,0,0,0,0,0,0,1,1,0,0,0,0.23076923191547394,0.4615384638309479,0,0,0,0.09090909361839294,0.1818181872367859,1,0.09090909361839294,0,0,0,0.20000000298023224,0.4000000059604645,0.20000000298023224,0.1818181872367859,0.4000000059604645,0,0,0,0,0,0,0,0,0,0,0,0,0,0,0,1,0,1
Thoma Bravo,1980,200,88114.3,0,26,86793.6015625,0.6153846383094788,2018.5,1,0.7425498366355896,15.215579986572266,41,11.371288299560547,50257,1,0,0,10.824905395507812,5.2983174324035645,15.215579986572266,0,1,0,0,0,1,0,0,1,1,0,0,0,0,0,0,0,0,1,0,0,1,0,0,0,1,0,0,0,1,0,0,0,0,0,1,0,0,0,0,1,1,0,0,0,0,0,0,0,0,0,0,1,1,1,0,1,0,0,0.5833333134651184,0,0.23076923191547394,1.6282050609588623,0,0.5,0,0.27272728085517883,1.545454502105713,1,0.7727272510528564,0,0.6000000238418579,0,0.4000000059604645,2,1,1.045454502105713,1.4000000953674316,0,0,0,0,2,1,2,1,4,1,3,1,6,5,0,1,0,1
Berkshire Partners,1984,137,NA,0,8,13934,0.625,2017,NA,0.49132585525512695,9.914525985717773,37,9.54208755493164,4525,0,1,0,8.417372703552246,4.919981002807617,9.914525985717773,0,1,0,1,0,0,0,0,0,1,0,0,0,0,0,0,0,0,0,0,0,0,0,0,0,1,0,0,0,1,0,0,0,0,0,0,0,0,1,0,0,1,1,0,0,1,0,0,0,0,0,0,1,1,0,0,1,1,0,0.4166666567325592,0,0.23076923191547394,1.2948718070983887,0,0.30000001192092896,0,0.09090909361839294,0.7818182110786438,2,0.3909091055393219,0,0.20000000298023224,0,0.20000000298023224,0.800000011920929,0.4000000059604645,0.48181819915771484,0.6000000238418579,0,0,0,0,0,0,0,0,0,0,0,0,0,0,1,1,0,1
Silver Lake,1999,215,50464.1,0,24,62462,0.4166666567325592,2017.6666259765625,2,0.880760133266449,15.151996612548828,22,11.042313575744629,37286,1,0,0,10.526372909545898,5.370637893676758,15.151996612548828,0,1,0,0,0,1,0,0,0,0,0,0,0,0,0,0,0,0,0,0,0,0,0,0,0,0,0,0,0,0,0,0,0,0,0,0,0,0,0,0,0,0,0,0,0,0,0,0,0,0,0,0,0,0,0,0,0,0,0,0,0,0,0,0,0,0,0,0,0,0,0,0,0,0,0,0,0,0,NA,0,NA,0,NA,0,NA,0,NA,0,NA,0,NA,NA,0,0,0,0
Kelso & Company,1971,55,7266.5,0,12,10718.5,0.6666666865348816,2018.75,NA,NA,20.405607223510742,50,9.279726028442383,6579,0,1,0,8.791638374328613,4.007333278656006,20.405607223510742,0,1,0,1,0,0,0,0,0,0,0,0,0,0,0,0,0,0,0,0,0,0,0,0,0,0,0,0,0,0,0,0,0,0,0,0,0,0,0,0,0,0,0,0,0,0,0,0,0,0,0,0,0,0,0,0,0,0,0,0,0,0,0,0,0,0,0,0,0,0,0,0,0,0,0,0,0,0,NA,0,NA,0,NA,0,NA,0,NA,0,NA,0,NA,NA,0,0,0,0
Genstar Capital Partners,1988,41,25762,0,10,27312,0.800000011920929,2017,1,0.2157870978116989,9.230192184448242,33,10.215081214904785,21150,1,0,0,9.959395408630371,3.7135720252990723,9.230192184448242,0,1,0,1,0,0,0,0,0,0,0,0,0,0,0,0,0,0,0,0,0,0,0,0,0,0,0,0,0,0,0,0,0,0,0,0,0,0,0,0,0,0,0,0,0,0,0,0,0,0,0,0,0,0,0,0,0,0,0,0,0,0,0,0,0,0,0,0,0,0,0,0,0,0,0,0,0,0,NA,0,NA,0,NA,0,NA,0,NA,0,NA,0,NA,NA,0,0,0,0
Altaris,2003,30,NA,0,7,4943,1,2016.2857666015625,NA,0.5108084082603455,15.749848365783691,18,8.505727767944336,3851,0,1,0,8.2560882568359375,3.4011974334716797,15.749848365783691,0,1,0,0,1,0,0,0,0,0,0,0,0,0,0,0,0,0,0,0,0,0,0,0,0,0,0,0,0,0,0,0,0,0,0,0,0,0,0,0,0,0,0,0,0,0,0,0,0,0,0,0,0,0,0,0,0,0,0,0,0,0,0,0,0,0,0,0,0,0,0,0,0,0,0,0,0,0,NA,0,NA,0,NA,0,NA,0,NA,0,NA,0,NA,NA,0,0,0,0
Madison Dearborn Partners,1992,75,10523.6,0,5,21095.599609375,1,2014,NA,1.2717393636703491,10.090269088745117,29,9.956819534301758,7552,0,0,1,8.929567337036133,4.317488193511963,10.090269088745117,0,1,0,1,0,0,0,0,0,1,0,0,0,0,0,0,0,0,0,0,0,0,0,0,0,0,0,0,0,0,0,0,0,0,0,0,0,0,0,0,0,0,0,0,1,0,0,0,0,0,0,0,0,0,0,0,0,1,0,0,0,0.1538461595773697,0.3076923191547394,0,0,0,0,0,1,0,0,0,0,0,0,0,0,0,0,0,0,0,0,0,0,0,0,0,0,0,0,0,0,0,1,1
Siguler Guff,1991,105,8629.6,1,22,10230,0.5,2014.272705078125,NA,0.3852689862251282,4.636658668518066,30,9.23307991027832,4379,0,1,0,8.384575843811035,4.653960227966309,4.636658668518066,0,1,0,1,0,0,0,0,0,1,0,0,0,0,0,0,0,0,0,0,0,0,0,0,0,0,0,0,0,0,0,0,0,0,0,1,0,0,1,1,0,0,0,1,0,0,0,0,0,0,0,0,0,0,0,0,0,1,0,0,0,0.3076923191547394,0.6153846383094788,0,0,0,0.1818181872367859,0.3636363744735718,1,0.1818181872367859,0,0,0,0.20000000298023224,0.4000000059604645,0.20000000298023224,0.3636363744735718,0.4000000059604645,0,0,0,0,0,0,0,0,0,0,0,0,0,0,0,1,0,1
Arsenal Capital Partners,2000,83,9940,0,9,10435,1,2017.22216796875,NA,0.6115243434906006,5.649497032165527,21,9.252921104431152,8380,0,1,0,9.03360366821289,4.418840408325195,5.649497032165527,0,1,0,0,1,0,0,0,0,1,0,0,0,0,0,0,0,0,0,0,0,0,0,0,0,0,1,0,0,1,0,0,0,0,0,1,0,0,0,1,0,0,0,0,0,0,0,0,0,0,0,0,1,1,0,0,0,0,0,0.4166666567325592,0,0.1538461595773697,1.1410256624221802,0,0.30000001192092896,0,0.1818181872367859,0.9636363983154297,1,0.48181819915771484,0,0.20000000298023224,0,0.20000000298023224,0.800000011920929,0.4000000059604645,0.6636363863945007,0.6000000238418579,0,0,0,0,0,0,0,0,0,0,0,0,0,0,0,0,1,1
Coatue Management,1999,156,12609.4,0,3,706.5,1,2019.6666259765625,3,NA,NA,22,6.560323238372803,7021,0,1,0,8.856660842895508,5.049856185913086,47,1,1,0,0,0,1,0,0,0,0,0,0,0,0,0,0,0,0,0,0,0,0,0,0,0,0,0,0,0,0,0,0,0,0,0,0,0,0,0,0,0,0,0,0,0,0,0,0,0,0,0,0,0,0,0,0,0,0,0,0,0,0,0,0,0,0,0,0,0,0,0,0,0,0,0,0,0,0,NA,0,NA,0,NA,0,NA,0,NA,0,NA,0,NA,NA,0,0,0,0
Carlyle Group,1987,894,109563.92,1,117,105691.3203125,0.5811966061592102,2017.1025390625,3,0.12635429203510284,8.859728813171387,34,11.568278312683105,48441,0,1,0,10.788102149963379,6.795705795288086,8.859728813171387,0,1,0,1,0,0,0,0,1,1,1,1,1,1,0,0,0,0,1,0,1,1,0,0,1,0,0,0,1,1,0,0,0,1,0,1,1,0,1,1,1,1,0,0,0,1,1,0,1,1,0,1,0,1,1,0,1,0,0,0,0,0,0,1,1,0,1,7,0,3,1,1,0,1,7,3,5,5,2,1,0,1,0,1,0,1,0,1,0,1,2,0,0,0,1,0
Bregal Sagemount,2012,53,5922,0,7,5922,0.5714285969734192,2017.857177734375,1,0.5334885120391846,4.817831993103027,9,8.686429977416992,6106,0,1,0,8.717026710510254,3.97029185295105,4.817831993103027,0,1,0,1,0,0,0,0,0,1,0,0,1,0,0,1,0,0,1,0,1,0,0,0,0,0,0,1,0,0,0,0,1,0,0,1,1,0,1,0,1,1,0,1,0,0,1,0,0,0,1,0,1,0,1,0,1,1,0.4545454680919647,0.5,0.75,0.38461539149284363,3.8828670978546143,0.6000000238418579,0.4000000059604645,0.75,0.27272728085517883,3.8954546451568604,4,2.0227272510528564,0.3333333432674408,0.4000000059604645,0.5,0.4000000059604645,3.1000001430511475,1.6333333253860474,2.8954546451568604,2.366666793823242,0,0,0,0,2,1,2,1,3,1,3,1,5,5,0,2,2,4
H.I.G. Capital,1993,847,16237.72,1,14,14308.919921875,0.7857142686843872,2017.2142333984375,3,0.6426466703414917,1.0936744213104248,28,9.568638801574707,14966,0,0,1,9.61353588104248,6.741700649261475,1.0936744213104248,0,1,0,1,0,0,0,0,0,0,0,0,0,0,0,0,0,0,0,0,0,0,0,0,0,0,0,0,0,0,0,0,0,0,0,0,0,0,0,0,0,0,0,0,0,0,0,0,0,0,0,0,0,0,0,0,0,0,0,0,0,0,0,0,0,0,0,0,0,0,0,0,0,0,0,0,0,0,NA,0,NA,0,NA,0,NA,0,NA,0,NA,0,NA,NA,0,0,0,0
Advent International,1984,470,77403.25,1,17,81935.890625,0.7058823704719543,2017.7059326171875,NA,0.3539446294307709,7.0389323234558105,37,11.313692092895508,25500,0,1,0,10.14643383026123,6.152732849121094,7.0389323234558105,0,1,0,1,0,0,0,0,0,1,0,0,1,1,0,0,0,0,1,1,1,1,0,1,0,0,0,0,0,0,0,1,1,0,0,1,0,0,0,0,1,1,0,0,0,0,0,0,0,0,0,1,0,0,1,1,1,0,0.3636363744735718,0.5833333134651184,1,0,0,0.800000011920929,0.699999988079071,1,0,0,0,0,0.6666666865348816,0.800000011920929,1,0,0,0,0,0,3,1,0,1,2,1,1,1,3,1,2,1,8,3,0,0,0,0
Gryphon Investors,1995,120,7129.8,0,7,6283.7998046875,0.8571428656578064,2017.2857666015625,1,0.41874781250953674,4.284350395202637,26,8.74573040008545,5330,1,0,0,8.581106185913086,4.787491798400879,4.284350395202637,0,1,0,1,0,0,0,0,0,0,0,0,0,0,0,0,0,0,0,0,0,0,0,0,0,0,0,0,0,0,0,0,0,0,0,0,0,0,0,0,0,0,0,0,0,0,0,0,0,0,0,0,0,0,0,0,0,0,0,0,0,0,0,0,0,0,0,0,0,0,0,0,0,0,0,0,0,0,NA,0,NA,0,NA,0,NA,0,NA,0,NA,0,NA,NA,0,0,0,0
Ridgemont Equity Partners,1993,59,NA,0,7,6560,0.8571428656578064,2017,NA,0.3559068739414215,9.532698631286621,28,8.788745880126953,4604,0,0,1,8.434680938720703,4.077537536621094,9.532698631286621,0,1,0,1,0,0,0,0,0,0,0,0,0,0,0,0,0,0,0,0,0,0,0,0,0,0,0,0,0,0,0,0,0,0,0,0,0,0,0,0,0,0,0,0,0,0,0,0,0,0,0,0,0,0,0,0,0,0,0,0,0,0,0,0,0,0,0,0,0,0,0,0,0,0,0,0,0,0,NA,0,NA,0,NA,0,NA,0,NA,0,NA,0,NA,NA,0,0,0,0
Sycamore Partners,2011,65,NA,0,3,8250,1,2014.3333740234375,NA,0.23176322877407074,-0.315151572227478,10,9.01796817779541,5968,0,1,0,8.694167137145996,4.174387454986572,-0.315151572227478,0,1,0,0,0,0,0,0,0,0,0,0,0,0,0,0,0,0,0,0,0,0,0,0,0,0,0,0,0,0,0,0,0,0,0,0,0,0,0,0,0,0,0,0,0,0,0,0,0,0,0,0,0,0,0,0,0,0,0,0,0,0,0,0,0,0,0,0,0,0,0,0,0,0,0,0,0,0,NA,0,NA,0,NA,0,NA,0,NA,0,NA,0,NA,NA,0,0,0,0
Great Hill Partners,1998,71,9867,0,5,11000,0.800000011920929,2016,1,0.6614344120025635,14.589371681213379,23,9.30565071105957,9382,0,1,0,9.1465482711792,4.2626800537109375,14.589371681213379,0,1,0,1,0,0,0,0,0,1,0,0,0,0,0,0,0,0,0,0,0,0,1,0,1,0,0,0,0,0,0,0,0,0,0,0,0,0,0,1,0,1,0,0,0,0,0,0,0,0,0,1,0,0,0,0,1,0,0,0.1666666716337204,0,0.23076923191547394,0.7948718070983887,0,0.20000000298023224,0,0.27272728085517883,0.9454545974731445,0,0.47272729873657227,0,0.20000000298023224,0,0.4000000059604645,1.2000000476837158,0.6000000238418579,0.7454545497894287,1,0,0,0,0,0,0,0,0,0,0,0,0,0,0,0,0,0,0
Clearlake Capital Group,2006,77,33639.5,0,14,781.5,0.7857142686843872,2021.142822265625,1,NA,NA,15,6.661215305328369,42350,1,0,0,10.65372371673584,4.343805313110352,241.6199951171875,1,1,0,1,0,0,0,0,0,0,0,0,0,0,0,0,0,0,0,0,0,0,0,0,0,0,0,0,0,0,0,0,0,0,0,0,0,0,0,0,0,0,0,0,0,0,0,0,0,0,0,0,0,0,0,0,0,0,0,0,0,0,0,0,0,0,0,0,0,0,0,0,0,0,0,0,0,0,NA,0,NA,0,NA,0,NA,0,NA,0,NA,0,NA,NA,0,0,0,0
Bain Capital,1984,694,55373.18,1,25,79736.40625,0.7200000286102295,2014.8800048828125,3,0.6872443556785583,7.743888854980469,37,11.286481857299805,38985,0,1,0,10.570932388305664,6.542471885681152,7.743888854980469,0,1,0,1,0,0,0,0,0,1,1,0,1,0,0,0,0,1,1,0,1,0,0,0,1,0,0,0,0,0,1,0,1,0,0,1,0,0,1,0,1,1,0,1,0,0,0,0,0,1,0,1,0,0,1,1,1,1,0.5454545617103577,0.5,1,0.38461539149284363,4.405594348907471,0.800000011920929,0.6000000238418579,1,0.27272728085517883,5.145454406738281,1,2.672727346420288,0.6666666865348816,0.6000000238418579,1,0.4000000059604645,5,2.6666667461395264,3.7454545497894287,3.7333333492279053,2,1,0,1,2,1,1,1,3,1,3,1,7,4,1,1,0,1
HarbourVest Partners,1982,678,60095.83,1,114,80074.8984375,0.7017543911933899,2014.24560546875,3,0.43199464678764343,8.491778373718262,39,11.290718078613281,11904,0,1,0,9.38463020324707,6.5191473960876465,8.491778373718262,0,1,0,1,0,0,0,0,0,1,0,0,0,0,1,0,0,1,1,0,0,0,0,1,0,1,0,1,0,0,0,0,0,0,1,1,0,0,0,1,1,1,1,1,0,0,0,0,0,0,0,1,1,0,1,0,1,0,0.3636363744735718,0.4166666567325592,0,0,0,0,0.30000001192092896,0,0.4545454680919647,1.5090909004211426,0,0.7545454502105713,0,0.4000000059604645,0,0.6000000238418579,2,1,1.2090909481048584,1.600000023841858,0,0,0,0,2,1,2,1,2,1,2,1,4,4,2,0,1,0
Warburg Pincus,1966,673,65084,1,11,67861,0.7272727489471436,2017.272705078125,3,0.2927454710006714,9.35482120513916,55,11.125216484069824,35010,0,1,0,10.46338939666748,6.511745452880859,9.35482120513916,0,1,0,1,0,0,0,0,1,1,0,0,0,0,0,0,0,0,0,0,0,0,0,0,0,0,0,0,0,0,0,0,0,0,0,1,0,0,1,0,1,1,1,1,0,0,0,0,0,0,0,0,0,0,0,0,1,1,0,0,0,0.38461539149284363,0.7692307829856873,0,0,0,0.27272728085517883,0.5454545617103577,1,0.27272728085517883,0,0,0,0.4000000059604645,0.800000011920929,0.4000000059604645,0.5454545617103577,0.800000011920929,0,0,0,0,0,0,0,0,0,0,0,0,0,0,0,1,0,1
Audax Group,1999,185,NA,0,11,10917.400390625,0.8181818127632141,2014.3636474609375,NA,NA,9.588665008544922,22,9.298112869262695,6394,0,1,0,8.763114929199219,5.220355987548828,9.588665008544922,0,1,0,1,0,0,0,0,0,1,0,0,0,0,0,0,0,0,0,0,0,0,0,1,0,1,0,0,0,0,0,0,0,0,0,1,0,0,0,1,1,0,1,1,0,0,0,0,0,0,0,1,1,0,0,0,1,1,0,0.3333333432674408,0,0.5384615659713745,1.7435898780822754,0,0.20000000298023224,0,0.4545454680919647,1.3090909719467163,2,0.6545454859733582,0,0.20000000298023224,0,0.6000000238418579,1.600000023841858,0.800000011920929,1.1090909242630005,1.4000000953674316,0,0,0,0,0,0,0,0,0,0,0,0,0,0,0,2,0,2
TowerBrook,2005,102,NA,1,2,6477.2998046875,1,2011,NA,NA,18.028549194335938,16,8.7760591506958,5300,0,1,0,8.575462341308594,4.624972820281982,18.028549194335938,0,1,0,1,0,0,0,0,0,1,0,0,0,0,0,0,0,0,0,1,0,0,0,1,0,0,0,1,0,1,0,0,0,1,0,1,0,0,0,1,1,1,0,1,0,0,1,0,1,0,0,1,1,1,1,0,1,1,0,0.6666666865348816,0,1,3.3333334922790527,0,0.6000000238418579,0,1,3.200000047683716,3,1.600000023841858,0,0.6000000238418579,0,1,3.200000047683716,1.600000023841858,2.5999999046325684,2.5999999046325684,0,0,0,0,1,1,1,1,0,1,0,1,1,1,0,1,2,3
Kohlberg & Company,1987,103,NA,0,5,8205.099609375,1,2017.4000244140625,NA,0.5028131604194641,8.84752368927002,34,9.012511253356934,4500,0,0,1,8.411832809448242,4.634728908538818,8.84752368927002,0,1,0,1,0,0,0,0,0,1,0,0,0,0,0,0,0,0,0,1,0,0,1,1,0,0,0,0,0,0,0,0,0,0,0,1,0,0,1,1,1,1,1,0,0,0,0,0,0,0,0,1,0,0,1,0,1,0,0,0.25,0,0.38461539149284363,1.269230842590332,0,0.30000001192092896,0,0.4545454680919647,1.5090909004211426,0,0.7545454502105713,0,0.4000000059604645,0,0.6000000238418579,2,1,1.2090909481048584,1.600000023841858,0,0,0,0,3,1,2,1,3,1,2,1,6,4,0,0,0,0
Siris Capital,2011,63,NA,0,4,5901,0.75,2016.75,NA,NA,18.05129623413086,10,8.682877540588379,3450,0,1,0,8.146129608154297,4.143134593963623,18.05129623413086,0,1,0,0,0,1,0,0,0,1,0,0,0,0,0,0,0,0,0,0,0,0,0,0,0,0,0,0,0,1,0,0,0,0,0,1,0,0,0,0,1,0,0,0,0,0,0,0,0,0,0,0,0,1,0,0,0,0,0,0.25,0,0.1538461595773697,0.807692289352417,0,0.30000001192092896,0,0.1818181872367859,0.9636363983154297,0,0.48181819915771484,0,0.20000000298023224,0,0.20000000298023224,0.800000011920929,0.4000000059604645,0.6636363863945007,0.6000000238418579,0,0,0,0,0,0,0,0,0,0,0,0,0,0,0,0,0,0
Leonard Green & Partners,1989,58,48900,0,11,35900,0.8181818127632141,2018.6363525390625,1,1.3893046379089355,13.850835800170898,32,10.488492965698242,34490,1,0,0,10.448424339294434,4.060442924499512,13.850835800170898,0,1,0,1,0,0,0,0,0,0,0,0,0,0,0,0,0,0,0,0,0,0,0,0,0,0,0,0,0,0,0,0,0,0,0,0,0,0,0,0,0,0,0,0,0,0,0,0,0,0,0,0,0,0,0,0,0,0,0,0,0,0,0,0,0,0,0,0,0,0,0,0,0,0,0,0,0,0,NA,0,NA,0,NA,0,NA,0,NA,0,NA,0,NA,NA,0,0,0,0
The Vistria Group,2013,70,5448.3,0,9,5403.2998046875,0.8888888955116272,2019.111083984375,NA,0.6099526882171631,5.638717174530029,8,8.594764709472656,4652,0,0,1,8.445052146911621,4.248495101928711,5.638717174530029,0,1,0,0,1,0,0,0,0,1,0,0,0,0,1,0,0,0,0,0,0,0,0,0,0,0,0,0,0,0,0,0,0,0,1,0,0,1,1,1,1,1,0,0,0,1,1,0,0,0,0,0,0,0,0,0,1,1,0.1818181872367859,0,0,0.5384615659713745,1.622377634048462,0,0,0,0.4545454680919647,0.9090909361839294,3,0.4545454680919647,0,0,0,0.6000000238418579,1.2000000476837158,0.6000000238418579,0.9090909361839294,1.2000000476837158,0,0,0,0,0,0,0,0,0,0,0,0,0,0,2,0,1,1
Charlesbank Capital Partners,1998,97,11590,0,10,10440,0.5,2019.800048828125,1,0.7890959978103638,7.961542129516602,23,9.253399848937988,10611,0,1,0,9.269646644592285,4.574710845947266,7.961542129516602,0,1,0,1,0,0,0,0,0,1,0,0,0,0,0,0,0,0,0,0,0,0,0,0,0,0,0,0,0,0,0,0,0,0,0,0,0,0,0,0,0,0,0,0,0,0,0,0,0,0,0,0,0,0,0,0,0,0,0,0,0,0,0,0,0,0,0,0,0,0,0,0,0,0,0,0,0,0,0,0,0,0,0,0,0,0,0,0,0,0,0,0,0,0,0,0
Blackstone Group,1985,3700,115447.3,1,54,135995.296875,0.29629629850387573,2018,2,0.7951598763465881,12.733414649963379,36,11.820375442504883,82457,0,1,0,11.320032119750977,8.21608829498291,12.733414649963379,0,1,0,1,0,0,0,0,1,1,0,0,0,1,1,0,0,0,1,1,0,1,1,0,1,0,0,0,1,1,0,0,0,0,0,1,0,1,1,1,1,1,0,1,0,1,0,0,0,0,0,1,0,1,1,0,1,1,0.27272728085517883,0.5833333134651184,0,0.5384615659713745,3.0617716312408447,0.20000000298023224,0.699999988079071,0,0.4545454680919647,2.909090995788574,3,1.3545454740524292,0.3333333432674408,0.800000011920929,0,0.6000000238418579,3.8000001907348633,1.7333333492279053,2.0090909004211426,2.6666667461395264,3,1,1,1,2,1,1,1,2,1,2,1,7,4,2,1,0,1
Energy & Minerals Group,2007,22,12423.6,0,13,2063.300048828125,0.7692307829856873,2016.230712890625,NA,0.08440852165222168,NA,14,7.632061958312988,4042,0,0,1,8.304494857788086,3.0910425186157227,37.40999984741211,1,1,0,0,0,0,0,0,0,0,0,0,0,0,0,0,0,0,0,0,0,0,0,0,0,0,0,0,0,0,0,0,0,0,0,0,0,0,0,0,0,0,0,0,0,0,0,0,0,0,0,0,0,0,0,0,0,0,0,0,0,0,0,0,0,0,0,0,0,0,0,0,0,0,0,0,0,0,NA,0,NA,0,NA,0,NA,0,NA,0,NA,0,NA,NA,0,0,0,0
GTCR,1980,132,NA,0,10,24178,0.800000011920929,2016.5999755859375,NA,1.2748003005981445,19.292118072509766,41,10.093198776245117,15270,0,0,1,9.633645057678223,4.8828020095825195,19.292118072509766,0,1,0,1,0,0,0,0,0,0,0,0,0,0,0,0,0,0,0,0,0,0,0,0,0,0,0,0,0,0,0,0,0,0,0,0,0,0,0,0,0,0,0,0,0,0,0,0,0,0,0,0,0,0,0,0,0,0,0,0,0,0,0,0,0,0,0,0,0,0,0,0,0,0,0,0,0,0,NA,0,NA,0,NA,0,NA,0,NA,0,NA,0,NA,NA,0,0,0,0
Platinum Equity,1995,300,23010,1,13,26460,0.6153846383094788,2017.15380859375,2,0.1787603497505188,13.463265419006348,26,10.183389663696289,19260,1,0,0,9.865785598754883,5.703782558441162,13.463265419006348,0,1,0,1,0,0,0,0,0,1,0,0,1,1,0,0,0,0,0,0,1,1,0,0,0,0,0,0,0,0,0,0,0,0,0,0,0,1,1,0,0,0,0,0,0,0,0,0,0,0,0,0,0,0,0,0,0,0,0.3636363744735718,0.3333333432674408,0,0,1.7575757503509521,0.800000011920929,0.4000000059604645,0,0,3.200000047683716,0,1.2000000476837158,0.6666666865348816,0.4000000059604645,0,0,2.8000001907348633,1.0666667222976685,2,1.7333333492279053,3,1,0,1,3,1,2,1,6,1,5,1,12,7,0,0,0,0
Marlin Equity Partners,2005,84,6432.56,1,2,821.489990234375,1,2021,2,1.0203064680099487,NA,16,6.711119651794434,4466,1,0,0,8.404248237609863,4.430816650390625,17.709999084472656,1,1,0,1,0,0,0,0,0,0,0,0,0,0,0,0,0,0,0,0,0,0,0,0,0,0,0,0,0,0,0,0,0,0,0,0,0,0,0,0,0,0,0,0,0,0,0,0,0,0,0,0,0,0,0,0,0,0,0,0,0,0,0,0,0,0,0,0,0,0,0,0,0,0,0,0,0,0,NA,0,NA,0,NA,0,NA,0,NA,0,NA,0,NA,NA,0,0,0,0
Harvest Partners,1981,85,NA,0,8,8273,1,2017.375,NA,0.18221907317638397,10.972234725952148,40,9.020752906799316,4030,0,1,0,8.301521301269531,4.442651271820068,10.972234725952148,0,1,0,1,0,0,0,0,0,1,0,0,0,0,0,0,0,0,0,0,0,0,0,0,0,0,0,0,0,0,0,0,0,0,0,1,0,0,1,1,0,0,0,0,1,0,0,0,0,0,0,0,0,0,0,0,0,1,0,0,0,0.3076923191547394,0.6153846383094788,0,0,0,0.1818181872367859,0.3636363744735718,1,0.1818181872367859,0,0,0,0.20000000298023224,0.4000000059604645,0.20000000298023224,0.3636363744735718,0.4000000059604645,0,0,0,0,0,0,0,0,0,0,0,0,0,0,0,0,1,1
EnCap Investments,1988,74,NA,0,2,486,1,2013,NA,NA,NA,33,6.186208724975586,12065,0,0,1,9.398063659667969,4.304065227508545,-6.019999980926514,1,1,0,0,0,0,0,0,0,1,0,0,1,0,0,0,0,0,1,0,0,0,0,0,1,0,0,0,0,0,0,0,1,1,0,0,0,0,1,0,0,0,0,1,0,0,0,0,0,0,0,1,0,0,1,0,0,1,0.27272728085517883,0.25,0.75,0.38461539149284363,2.8374125957489014,0.6000000238418579,0.30000001192092896,0.75,0.27272728085517883,3.6954545974731445,1,1.922727346420288,0.3333333432674408,0.4000000059604645,0.5,0.20000000298023224,2.700000047683716,1.433333396911621,2.795454502105713,1.9666666984558105,0,0,0,0,3,1,2,1,4,1,4,1,7,6,0,1,0,1
TPG,1992,1110,75908.88,1,50,97996.59375,0.5199999809265137,2015.699951171875,3,0.7917166948318481,8.232124328613281,29,11.492688179016113,32793,0,0,1,10.397970199584961,7.012115478515625,8.232124328613281,0,1,0,1,0,0,0,0,1,1,0,0,0,0,0,1,0,0,1,1,0,0,0,1,0,0,0,0,0,0,0,1,0,1,0,1,0,0,1,0,1,0,1,1,0,0,0,0,0,0,1,1,0,0,1,1,1,1,0,0.25,0.25,0.6153846383094788,0,0,0.30000001192092896,0.25,0.5454545617103577,1.9409091472625732,0,1.0954545736312866,0,0.4000000059604645,0.5,0.6000000238418579,2.5,1.5,1.640909194946289,2.1000001430511475,0,0,0,0,3,1,2,1,2,1,2,1,5,4,0,2,0,2
Accel-KKR,2000,71,10405,0,11,9600,0.8181818127632141,2016.272705078125,2,0.25334641337394714,1.5207812786102295,21,9.16951847076416,9180,1,0,0,9.12478256225586,4.2626800537109375,1.5207812786102295,0,1,0,0,0,1,0,0,0,0,0,0,0,0,0,0,0,0,0,0,0,0,0,0,0,0,0,0,0,0,0,0,0,0,0,0,0,0,0,0,0,0,0,0,0,0,0,0,0,0,0,0,0,0,0,0,0,0,0,0,0,0,0,0,0,0,0,0,0,0,0,0,0,0,0,0,0,0,NA,0,NA,0,NA,0,NA,0,NA,0,NA,0,NA,NA,0,0,0,0
NGP Energy Capital Management,1988,59,13840.1,0,5,505,0.20000000298023224,2013.5999755859375,1,NA,NA,33,6.224558353424072,5252,0,0,1,8.566364288330078,4.077537536621094,19,1,1,0,0,0,0,0,0,0,0,0,0,0,0,0,0,0,0,0,0,0,0,0,0,0,0,0,0,0,0,0,0,0,0,0,0,0,0,0,0,0,0,0,0,0,0,0,0,0,0,0,0,0,0,0,0,0,0,0,0,0,0,0,0,0,0,0,0,0,0,0,0,0,0,0,0,0,0,NA,0,NA,0,NA,0,NA,0,NA,0,NA,0,NA,NA,0,0,0,0
Peak Rock Capital,2013,61,NA,1,3,NA,NA,2017.800048828125,NA,NA,NA,8,NA,3400,0,0,1,8.13153076171875,4.110873699188232,25.229999542236328,1,1,0,1,0,0,0,0,0,0,0,0,0,0,0,0,0,0,0,0,0,0,0,0,0,0,0,0,0,0,0,0,0,0,0,0,0,0,0,0,0,0,0,0,0,0,0,0,0,0,0,0,0,0,0,0,0,0,0,0,0,0,0,0,0,0,0,0,0,0,0,0,0,0,0,0,0,0,NA,0,NA,0,NA,0,NA,0,NA,0,NA,0,NA,NA,0,0,0,0
Linden,2004,31,5605,0,7,5980,0.7142857313156128,2018.4285888671875,NA,0.8033463358879089,10.466136932373047,17,8.696175575256348,4959,0,0,1,8.508959770202637,3.4339871406555176,10.466136932373047,0,1,0,0,1,0,0,0,0,0,0,0,0,0,0,0,0,0,0,0,0,0,0,0,0,0,0,0,0,0,0,0,0,0,0,0,0,0,0,0,0,0,0,0,0,0,0,0,0,0,0,0,0,0,0,0,0,0,0,0,0,0,0,0,0,0,0,0,0,0,0,0,0,0,0,0,0,0,NA,0,NA,0,NA,0,NA,0,NA,0,NA,0,NA,NA,0,0,0,0
The Riverside Company,1988,363,9350.38,1,24,8555.6796875,0.875,2015.7916259765625,2,1.1994272470474243,7.676797389984131,33,9.054350852966309,4970,0,1,0,8.511175155639648,5.894402980804443,7.676797389984131,0,1,0,1,0,0,0,0,0,1,0,0,0,0,0,0,0,0,1,0,0,0,0,0,0,0,0,1,0,0,0,0,0,0,0,0,0,0,0,0,0,0,0,0,0,0,0,0,0,0,0,0,1,0,1,0,0,0,0,0.25,0,0,0.5,0,0.10000000149011612,0,0,0.20000000298023224,1,0.10000000149011612,0,0.20000000298023224,0,0,0.4000000059604645,0.20000000298023224,0.10000000149011612,0.20000000298023224,0,0,0,0,3,1,3,1,6,1,5,1,9,8,0,0,1,1
Oak Hill Capital Partners,1986,46,6450,0,4,10250,1,2016,NA,NA,12.092682838439941,35,9.23503303527832,11207,0,1,0,9.324294090270996,3.828641414642334,12.092682838439941,0,1,0,1,0,0,0,0,0,1,0,0,0,0,0,0,0,0,1,0,0,0,0,1,0,1,0,0,0,0,0,0,0,0,0,1,0,0,0,1,1,0,0,1,0,0,0,0,1,0,0,1,1,0,1,0,0,1,0,0.4166666567325592,0,0.692307710647583,2.2179486751556396,0,0.30000001192092896,0,0.6363636255264282,1.8727272748947144,2,0.9363636374473572,0,0.4000000059604645,0,0.6000000238418579,2,1,1.5727272033691406,1.600000023841858,0,0,0,0,2,1,2,1,2,1,2,1,4,4,0,2,0,2
Apollo Global Management,1990,2540,NA,1,38,68950.1015625,0.7105262875556946,2018.76318359375,NA,0.4111771881580353,19.08926010131836,31,11.141138076782227,31306,0,1,0,10.35156536102295,7.839919567108154,19.08926010131836,0,1,0,1,0,0,0,0,1,1,1,0,1,1,0,0,0,0,1,0,1,1,0,1,0,1,0,0,0,1,1,0,1,1,0,1,0,0,1,0,1,1,1,1,0,0,1,0,0,1,0,1,1,1,1,1,1,1,0.4545454680919647,1,1,0.6153846383094788,5.594405651092529,1,1,1,0.5454545617103577,7.090909004211426,3,3.545454502105713,1,1,1,0.6000000238418579,7.199999809265137,3.5999999046325684,5.090909004211426,5.199999809265137,3,1,0,1,0,1,0,1,2,1,2,1,5,2,0,2,1,3
Quantum Energy Partners,1998,78,10790,0,5,1756,0.6000000238418579,2018,1,NA,10.976651191711426,23,7.470793724060059,5580,0,0,1,8.626943588256836,4.356709003448486,10.976651191711426,0,1,0,0,0,0,0,0,0,1,0,0,0,0,1,0,0,0,0,0,0,0,0,0,0,1,0,0,0,0,0,0,0,0,0,0,0,0,1,0,0,0,0,1,0,1,0,0,0,0,0,0,1,0,0,0,0,1,0.1818181872367859,0.1666666716337204,0,0.1538461595773697,1.1864802837371826,0,0,0,0,0,4,0,0,0,0,0,0,0,0,0,0,0,0,0,0,0,0,0,0,0,0,0,0,0,2,2,0,2
New Mountain Capital,2008,152,19373.8,0,8,25889.80078125,1,2013.625,1,1.2392137050628662,14.829492568969727,13,10.161603927612305,17032,0,1,0,9.742849349975586,5.023880481719971,14.829492568969727,0,1,0,1,0,0,0,0,0,1,0,0,0,0,0,0,0,0,0,0,0,0,0,0,0,0,0,0,0,0,0,0,0,0,0,0,0,0,1,0,0,0,0,1,1,0,0,0,0,0,0,0,0,0,0,0,0,1,0,0,0,0.1538461595773697,0.3076923191547394,0,0,0,0,0,2,0,0,0,0,0,0,0,0,0,0,0,0,0,0,0,0,0,0,0,0,0,0,0,0,1,1,2
Levine Leichtman Capital Partners,1984,64,NA,1,9,8001.2001953125,0.8888888955116272,2014.3333740234375,NA,NA,12.617218971252441,37,8.987346649169922,4710,1,0,0,8.4574432373046875,4.158883094787598,12.617218971252441,0,1,0,1,0,0,0,0,0,0,0,0,0,0,0,0,0,0,0,0,0,0,0,0,0,0,0,0,0,0,0,0,0,0,0,0,0,0,0,0,0,0,0,0,0,0,0,0,0,0,0,0,0,0,0,0,0,0,0,0,0,0,0,0,0,0,0,0,0,0,0,0,0,0,0,0,0,0,NA,0,NA,0,NA,0,NA,0,NA,0,NA,0,NA,NA,0,0,0,0
Francisco Partners,1999,88,36530.7,0,9,24705.69921875,0.3333333432674408,2020.888916015625,2,NA,NA,22,10.114789009094238,32316,1,0,0,10.383317947387695,4.477336883544922,23.170000076293945,1,1,0,0,0,1,0,0,0,1,0,0,0,0,0,0,0,0,0,0,0,0,0,0,0,0,0,0,0,0,0,0,0,0,0,0,0,0,1,0,0,0,0,0,0,0,0,0,0,0,0,0,0,0,0,0,0,0,0,0,0,0,0,0,0,0,0,0,0,0,0,0,0,0,0,0,0,0,0,0,0,0,0,0,0,0,0,0,0,0,0,0,0,0,0,0
Hellman & Friedman,1984,92,52521.3,1,20,69621.703125,0.5,2019.300048828125,1,0.9572557210922241,9.219427108764648,37,11.15083122253418,40925,1,0,0,10.61949634552002,4.521788597106934,9.219427108764648,0,1,0,1,0,0,0,0,0,1,0,0,0,0,0,0,0,0,0,0,0,0,0,0,0,0,0,0,0,1,0,0,0,0,0,0,0,0,0,0,0,0,0,0,1,0,0,0,0,0,0,0,0,1,0,0,0,1,0,0.25,0,0,0,0,0.30000001192092896,0,0,0,1,0,0,0.20000000298023224,0,0,0,0,0,0,0,0,0,0,0,0,0,0,0,0,0,0,0,0,0,0,1,1
KKR,1976,1187,126145.58,1,31,115471.703125,0.6129032373428345,2017.3226318359375,3,0.42156001925468445,12.302447319030762,45,11.656781196594238,126508,0,1,0,11.748061180114746,7.079184532165527,12.302447319030762,0,1,0,1,0,0,0,0,1,1,0,1,0,0,1,1,0,0,1,1,0,1,0,0,1,0,0,0,1,1,0,1,0,1,1,1,0,1,1,1,1,0,1,1,1,1,1,0,0,1,1,1,0,1,1,1,1,1,0.4545454680919647,0.5833333134651184,0.25,0.7692307829856873,4.318764686584473,0.20000000298023224,0.699999988079071,0.25,0.7272727489471436,3.704545497894287,6,1.8772727251052856,0.3333333432674408,0.800000011920929,0.5,0.800000011920929,4.700000286102295,2.433333396911621,2.8045454025268555,3.566666603088379,2,1,1,1,2,1,1,1,1,1,1,1,5,3,2,2,2,4
Stone Point Capital,1987,153,26121,0,7,33067,1,2013.2857666015625,2,0.18761397898197174,8.683418273925781,34,10.406291007995605,26390,0,0,1,10.180740356445312,5.03043794631958,8.683418273925781,0,1,0,1,0,0,0,0,0,1,0,0,0,0,0,0,0,0,0,0,0,0,0,1,0,0,0,0,0,0,0,0,0,0,0,1,0,0,0,0,0,0,1,0,0,0,0,0,0,0,0,1,0,0,0,0,1,0,0,0.1666666716337204,0,0,0,0,0.20000000298023224,0,0,0,0,0,0,0.20000000298023224,0,0,0,0,0,0,0,0,0,0,0,0,0,0,0,0,0,0,0,0,0,0,0,0
Alpine Investors,2001,73,4599.4,0,9,4981.39990234375,0.8888888955116272,2016.888916015625,1,0.2994837462902069,3.0889711380004883,20,8.513465881347656,3872,1,0,0,8.261526107788086,4.290459632873535,3.0889711380004883,0,1,0,0,0,1,0,0,0,1,0,0,0,0,0,0,0,0,0,0,0,0,0,0,0,0,0,0,0,0,0,0,0,0,0,1,0,0,0,1,1,0,1,1,0,0,0,0,1,0,0,0,0,0,0,0,1,1,0,0,0,0.7692307829856873,1.5384615659713745,0,0,0,0.7272727489471436,1.454545497894287,1,0.7272727489471436,0,0,0,0.800000011920929,1.600000023841858,0.800000011920929,1.454545497894287,1.600000023841858,0,0,0,0,0,0,0,0,0,0,0,0,0,0,0,1,0,1
Nautic Partners,1986,60,5751.4,0,8,7612.39990234375,1,2014.125,1,0.6165547370910645,11.692935943603516,35,8.937533378601074,4500,0,1,0,8.411832809448242,4.094344615936279,11.692935943603516,0,1,0,0,1,0,0,0,0,0,0,0,0,0,0,0,0,0,0,0,0,0,0,0,0,0,0,0,0,0,0,0,0,0,0,0,0,0,0,0,0,0,0,0,0,0,0,0,0,0,0,0,0,0,0,0,0,0,0,0,0,0,0,0,0,0,0,0,0,0,0,0,0,0,0,0,0,0,NA,0,NA,0,NA,0,NA,0,NA,0,NA,0,NA,NA,0,0,0,0
"Welsh, Carson, Anderson & Stowe",1979,100,11930,0,6,11780,0.6666666865348816,2017.3333740234375,1,1.0826208591461182,12.331714630126953,42,9.37415885925293,4336,0,1,0,8.374707221984863,4.605170249938965,12.331714630126953,0,1,0,0,1,0,0,0,0,1,0,0,0,0,0,0,0,0,0,0,0,0,0,0,1,1,0,0,0,0,0,0,0,0,0,0,0,0,0,1,0,0,0,1,1,0,0,0,0,0,0,1,1,0,0,0,0,1,0,0.3333333432674408,0,0.3076923191547394,1.2820513248443604,0,0.20000000298023224,0,0.1818181872367859,0.7636363506317139,3,0.38181817531585693,0,0.20000000298023224,0,0.20000000298023224,0.800000011920929,0.4000000059604645,0.5636363625526428,0.6000000238418579,0,0,0,0,0,0,0,0,0,0,0,0,0,0,0,2,1,3
L Catterton,1989,165,16510.45,1,24,18507.7890625,0.5416666865348816,2016.2083740234375,2,0.35128089785575867,3.4068915843963623,32,9.825946807861328,21639,0,0,1,9.98225212097168,5.105945587158203,3.4068915843963623,0,1,0,0,0,0,0,0,0,1,0,0,0,0,0,0,0,0,0,0,0,0,0,0,0,1,1,0,0,1,0,0,0,0,0,1,0,0,1,0,1,0,0,1,0,0,0,0,0,0,0,0,1,1,0,0,0,1,0,0.4166666567325592,0,0,0,0,0.30000001192092896,0,0,0,3,0,0,0.20000000298023224,0,0,0,0,0,0,0,0,0,0,0,0,0,0,0,0,0,0,0,0,0,2,1,3
Providence Equity Partners,1989,179,21568.9,1,34,33451.6015625,0.5,2019.8529052734375,2,0.5765700936317444,7.283806800842285,32,10.417855262756348,6021,0,1,0,8.703008651733398,5.1873860359191895,7.283806800842285,0,1,0,1,0,0,0,0,0,1,0,0,0,0,0,0,0,0,0,0,0,1,0,1,0,0,0,0,0,0,0,1,0,0,0,0,0,0,1,0,0,0,1,0,1,0,0,0,0,0,0,1,0,0,0,1,1,1,0,0.25,0.25,0.23076923191547394,1.2115384340286255,0,0.30000001192092896,0.25,0.09090909361839294,1.031818151473999,1,0.6409090757369995,0,0.4000000059604645,0.5,0.20000000298023224,1.7000000476837158,1.100000023841858,0.7318181991577148,1.2999999523162842,0,0,0,0,3,1,2,1,4,1,4,1,7,6,0,0,1,1
Adams Street Partners,1972,220,22541.6,1,119,42897.23828125,0.9327731132507324,2012.7646484375,2,1.4125864505767822,14.264617919921875,49,10.666563034057617,14833,0,0,1,9.604609489440918,5.393627643585205,14.264617919921875,0,1,0,0,0,1,0,0,0,1,0,0,0,0,1,1,0,0,1,0,0,0,0,1,0,0,0,0,0,1,0,0,0,0,0,0,0,1,1,1,0,1,1,1,0,1,0,0,0,0,1,1,0,1,1,0,1,1,0.3636363744735718,0.5,0,0.38461539149284363,2.860139846801758,0,0.6000000238418579,0,0.27272728085517883,1.7454545497894287,4,0.8727272748947144,0,0.6000000238418579,0,0.4000000059604645,2,1,1.1454546451568604,1.4000000953674316,0,0,0,0,2,1,1,1,3,1,3,1,5,4,2,2,0,2
Trilantic North America,2009,50,5763,0,3,4049,0.6666666865348816,2014,1,1.5559444427490234,14.71230411529541,12,8.306224822998047,3924,0,1,0,8.274867057800293,3.9120230674743652,14.71230411529541,0,1,0,1,0,0,0,0,0,1,0,0,0,0,0,0,0,0,0,0,0,1,0,1,0,1,0,0,0,1,0,0,0,0,0,1,0,0,1,1,1,0,1,1,0,0,1,0,0,0,0,1,1,1,0,0,1,1,0,0.6666666865348816,0,0.5384615659713745,2.4102563858032227,0,0.6000000238418579,0,0.4545454680919647,2.10909104347229,3,1.054545521736145,0,0.6000000238418579,0,0.6000000238418579,2.4000000953674316,1.2000000476837158,1.5090909004211426,1.8000000715255737,0,0,0,0,1,1,1,1,2,1,2,1,3,3,0,2,1,3
Arcline Investment Management,2018,40,4250,0,3,4250,0.6666666865348816,2020.6666259765625,NA,NA,NA,3,8.354674339294434,4250,1,0,0,8.354674339294434,3.6888794898986816,24.489999771118164,1,1,0,1,0,0,0,0,0,1,0,0,0,0,0,0,0,0,0,0,0,0,0,0,0,0,0,0,0,0,0,0,0,0,0,1,0,0,1,0,1,0,0,0,0,0,1,0,0,0,0,0,0,0,0,0,0,1,0,0,0,0.3076923191547394,0.6153846383094788,0,0,0,0.1818181872367859,0.3636363744735718,1,0.1818181872367859,0,0,0,0.20000000298023224,0.4000000059604645,0.20000000298023224,0.3636363744735718,0.4000000059604645,0,0,0,0,0,0,0,0,0,0,0,0,0,0,0,0,1,1
American Securities,1994,52,15635,0,3,10961,1,2011.6666259765625,1,1.091690182685852,18.431381225585938,27,9.302099227905273,7860,0,1,0,8.969541549682617,3.9512436389923096,18.431381225585938,0,1,0,1,0,0,0,0,0,1,0,0,0,0,0,0,0,0,1,0,1,0,0,0,0,1,0,0,0,0,0,0,0,0,0,1,1,0,1,1,0,0,0,0,0,0,0,0,0,0,0,0,1,0,1,0,0,0,0,0.5,0,0.1538461595773697,1.307692289352417,0,0.4000000059604645,0,0.1818181872367859,1.1636364459991455,1,0.5818182229995728,0,0.4000000059604645,0,0.20000000298023224,1.2000000476837158,0.6000000238418579,0.7636363506317139,0.800000011920929,0,0,0,0,2,1,2,1,5,1,4,1,7,6,0,1,0,1
AEA Investors,1968,172,12590.3,0,11,13070.7001953125,0.3636363744735718,2016.8182373046875,1,NA,4.311389923095703,53,9.478128433227539,5700,0,1,0,8.648221015930176,5.147494316101074,4.311389923095703,0,1,0,1,0,0,0,0,0,1,0,0,0,0,0,0,0,0,0,0,0,0,0,0,0,0,0,0,0,0,0,0,0,0,0,0,0,0,0,1,0,1,1,1,0,1,1,0,0,0,0,0,0,0,0,0,1,1,0,0,0,0.38461539149284363,0.7692307829856873,0,0,0,0.27272728085517883,0.5454545617103577,3,0.27272728085517883,0,0,0,0.4000000059604645,0.800000011920929,0.4000000059604645,0.5454545617103577,0.800000011920929,0,0,0,0,0,0,0,0,0,0,0,0,0,0,1,1,1,2
Clayton Dubilier & Rice,1978,187,41997.6,1,12,36997.6015625,0.9166666865348816,2018.4166259765625,1,0.366160124540329,3.5407700538635254,43,10.518608093261719,33699,0,1,0,10.425223350524902,5.231108665466309,3.5407700538635254,0,1,0,1,0,0,0,0,0,1,0,0,0,0,0,0,0,0,0,0,0,1,0,0,0,1,0,1,0,1,0,0,0,0,0,0,0,1,0,0,0,0,0,1,1,0,0,0,0,0,0,0,1,1,0,0,0,1,0,0.5,0,0.1538461595773697,1.307692289352417,0,0.4000000059604645,0,0,0.800000011920929,4,0.4000000059604645,0,0.4000000059604645,0,0,0.800000011920929,0.4000000059604645,0.4000000059604645,0.4000000059604645,0,0,0,0,2,1,2,1,5,1,5,1,7,7,0,2,2,4
The Jordan Company,1982,57,13245.3,0,12,13107.2998046875,0.75,2019.9166259765625,1,1.0200117826461792,20.054244995117188,39,9.480924606323242,6728,0,1,0,8.814033508300781,4.043051242828369,20.054244995117188,0,1,0,1,0,0,0,0,0,1,0,0,0,0,0,0,0,0,0,0,0,0,0,0,0,1,0,0,0,1,0,0,0,0,0,1,0,0,0,0,1,0,1,1,1,0,0,0,0,0,0,0,1,1,0,0,1,1,0,0.4166666567325592,0,0.38461539149284363,1.6025640964508057,0,0.30000001192092896,0,0.27272728085517883,1.1454546451568604,3,0.5727273225784302,0,0.20000000298023224,0,0.4000000059604645,1.2000000476837158,0.6000000238418579,0.8454545736312866,1,0,0,0,0,0,0,0,0,0,0,0,0,0,0,0,2,1,3
Blue Owl Capital,2021,350,26700,1,19,18077.5,0.6842105388641357,2017.26318359375,NA,0.9988181591033936,36.34905242919922,0,9.802423477172852,16290,0,1,0,9.698307037353516,5.857933044433594,36.34905242919922,0,0,1,1,0,0,0,0,0,1,0,0,0,0,0,0,0,0,0,1,0,0,1,0,0,0,0,0,0,1,0,0,0,0,0,1,0,0,0,1,0,0,0,0,0,0,0,0,0,0,0,1,0,1,1,0,0,0,0,0.5,0,0.1538461595773697,1.307692289352417,0,0.6000000238418579,0,0.1818181872367859,1.5636364221572876,0,0.7818182110786438,0,0.6000000238418579,0,0.20000000298023224,1.600000023841858,0.800000011920929,0.9636363983154297,1,0,0,0,0,2,1,1,1,5,1,4,1,7,5,0,0,0,0
Spectrum Equity,1994,48,6219,0,7,4915,0.4285714328289032,2018.5714111328125,1,0.27739572525024414,3.7261078357696533,27,8.500046730041504,3470,0,1,0,8.151909828186035,3.8712010383605957,3.7261078357696533,0,0,1,0,0,1,0,0,0,0,0,0,0,0,0,0,0,0,0,0,0,0,0,0,0,0,0,0,0,0,0,0,0,0,0,0,0,0,0,0,0,0,0,0,0,0,0,0,0,0,0,0,0,0,0,0,0,0,0,0,0,0,0,0,0,0,0,0,0,0,0,0,0,0,0,0,0,0,NA,0,NA,0,NA,0,NA,0,NA,0,NA,0,NA,NA,0,0,0,0
TA Associates,1968,193,32618.1,0,12,37526.5,0.5833333134651184,2016.5833740234375,2,0.9192700386047363,8.726846694946289,53,10.53280258178711,23500,0,1,0,10.0647554397583,5.26269006729126,8.726846694946289,0,0,1,1,0,0,0,0,0,1,0,0,0,0,0,0,0,0,0,1,0,0,1,1,0,1,0,1,0,0,0,0,0,0,0,0,0,0,0,0,0,1,1,0,0,0,0,0,0,0,0,1,1,0,1,0,1,0,0,0.4166666567325592,0,0.07692307978868484,0.9871794581413269,0,0.30000001192092896,0,0.09090909361839294,0.7818182110786438,2,0.3909091055393219,0,0.4000000059604645,0,0.20000000298023224,1.2000000476837158,0.6000000238418579,0.48181819915771484,0.800000011920929,0,0,0,0,2,1,2,1,5,1,4,1,7,6,0,1,1,2
Summit Partners,1984,191,20224.38,1,17,28704.380859375,0.7647058963775635,2015.2353515625,3,0.7796350121498108,5.2804131507873535,37,10.26480484008789,19639,0,1,0,9.885272979736328,5.2522735595703125,5.2804131507873535,0,0,1,1,0,0,0,0,0,1,0,0,0,0,0,0,0,0,0,0,0,0,0,0,0,0,0,0,0,0,0,0,0,0,0,0,0,0,0,0,0,0,0,0,0,0,0,0,0,0,0,0,0,0,0,0,0,0,0,0,0,0,0,0,0,0,0,0,0,0,0,0,0,0,0,0,0,0,0,0,0,0,0,0,0,0,0,0,0,0,0,0,0,0,0,0
FTV Capital,1998,41,5451.6,0,7,5956,1,2017.142822265625,1,NA,6.597945213317871,23,8.6921539306640625,3824,1,0,0,8.249052047729492,3.7135720252990723,6.597945213317871,0,0,1,1,0,0,0,0,0,1,0,0,0,0,0,0,0,0,0,0,0,0,0,0,0,0,0,0,0,1,0,0,0,0,0,0,0,0,0,0,0,0,0,1,0,0,0,0,0,0,0,0,0,1,0,0,0,1,0,0.25,0,0.1538461595773697,0.807692289352417,0,0.30000001192092896,0,0,0.6000000238418579,1,0.30000001192092896,0,0.20000000298023224,0,0,0.4000000059604645,0.20000000298023224,0.30000001192092896,0.20000000298023224,0,0,0,0,0,0,0,0,0,0,0,0,0,0,0,1,0,1
RedBird Capital Partners,2013,50,3969.3,0,10,3765,0.800000011920929,2018.699951171875,NA,NA,NA,8,8.233503341674805,3324,0,1,0,8.10892391204834,3.9120230674743652,4.889999866485596,1,0,1,1,0,0,0,0,0,0,0,0,0,0,0,0,0,0,0,0,0,0,0,0,0,0,0,0,0,0,0,0,0,0,0,0,0,0,0,0,0,0,0,0,0,0,0,0,0,0,0,0,0,0,0,0,0,0,0,0,0,0,0,0,0,0,0,0,0,0,0,0,0,0,0,0,0,0,NA,0,NA,0,NA,0,NA,0,NA,0,NA,0,NA,NA,0,0,0,0
Insight Partners,1995,326,46342,1,24,29572.19921875,0.5833333134651184,2018.4166259765625,3,2.6083364486694336,21.613142013549805,26,10.29458999633789,40131,0,1,0,10.59990406036377,5.7868971824646,21.613142013549805,0,0,1,0,0,1,0,0,0,0,0,0,0,0,0,0,0,0,0,0,0,0,0,0,0,0,0,0,0,0,0,0,0,0,0,0,0,0,0,0,0,0,0,0,0,0,0,0,0,0,0,0,0,0,0,0,0,0,0,0,0,0,0,0,0,0,0,0,0,0,0,0,0,0,0,0,0,0,NA,0,NA,0,NA,0,NA,0,NA,0,NA,0,NA,NA,0,0,0,0
Arctos Sports Partners,2020,28,3620,0,3,2120,0.3333333432674408,2021.3333740234375,NA,NA,NA,1,7.6591715812683105,4266,0,0,1,8.358431816101074,3.332204580307007,41.06999969482422,1,0,1,0,0,0,0,0,0,0,0,0,0,0,0,0,0,0,0,0,0,0,0,0,0,0,0,0,0,0,0,0,0,0,0,0,0,0,0,0,0,0,0,0,0,0,0,0,0,0,0,0,0,0,0,0,0,0,0,0,0,0,0,0,0,0,0,0,0,0,0,0,0,0,0,0,0,0,NA,0,NA,0,NA,0,NA,0,NA,0,NA,0,NA,NA,0,0,0,0
TSG Consumer Partners,1987,67,10488.1,0,8,11788.099609375,1,2017.25,NA,0.28562700748443604,8.157379150390625,34,9.374845504760742,4000,1,0,0,8.294049263000488,4.204692840576172,8.157379150390625,0,0,1,0,0,0,0,0,0,0,0,0,0,0,0,0,0,0,0,0,0,0,0,0,0,0,0,0,0,0,0,0,0,0,0,0,0,0,0,0,0,0,0,0,0,0,0,0,0,0,0,0,0,0,0,0,0,0,0,0,0,0,0,0,0,0,0,0,0,0,0,0,0,0,0,0,0,0,NA,0,NA,0,NA,0,NA,0,NA,0,NA,0,NA,NA,0,0,0,0
PSG,2014,272,NA,1,6,NA,NA,2021.5,NA,NA,NA,7,NA,9578,0,1,0,9.167223930358887,5.605802059173584,78.80000305175781,1,0,1,0,0,1,0,0,0,1,0,0,0,0,0,0,0,0,0,0,0,1,0,0,0,0,0,0,0,0,0,0,0,0,0,1,0,0,1,0,0,0,0,0,0,0,0,0,0,0,0,0,0,0,0,0,0,0,0,0.0833333358168602,0,0,0.1666666716337204,0,0.10000000149011612,0,0,0.20000000298023224,0,0.10000000149011612,0,0.20000000298023224,0,0,0.4000000059604645,0.20000000298023224,0.10000000149011612,0.20000000298023224,0,0,0,0,4,1,3,1,6,1,5,1,10,8,0,0,0,0
Tiger Global Management,2001,103,34840.3,0,13,38823.19921875,0.9230769276618958,2014.4615478515625,NA,NA,NA,20,10.566773414611816,15641,0,1,0,9.6576509475708,4.634728908538818,26,1,0,1,1,0,0,0,0,0,0,0,0,0,0,0,0,0,0,0,0,0,0,0,0,0,0,0,0,0,0,0,0,0,0,0,0,0,0,0,0,0,0,0,0,0,0,0,0,0,0,0,0,0,0,0,0,0,0,0,0,0,0,0,0,0,0,0,0,0,0,0,0,0,0,0,0,0,0,NA,0,NA,0,NA,0,NA,0,NA,0,NA,0,NA,NA,0,0,0,0
General Atlantic,1980,455,27088.4,1,16,23539,0.75,2019.25,3,0.3494027853012085,NA,41,10.066413879394531,44832,0,1,0,10.710677146911621,6.120297431945801,33.43000030517578,1,0,1,1,0,0,0,0,0,1,0,0,0,0,0,0,0,0,0,0,0,0,0,0,0,0,0,0,0,0,0,0,0,0,0,0,0,0,0,0,0,0,0,0,0,0,0,0,0,0,0,0,0,0,0,0,0,0,0,0,0,0,0,0,0,0,0,0,0,0,0,0,0,0,0,0,0,0,0,0,0,0,0,0,0,0,0,0,0,0,0,0,0,0,0,0
TCV,1995,62,12245,0,11,12345,0.7272727489471436,2019.3636474609375,2,0.5981353521347046,12.200810432434082,26,9.421006202697754,7621,1,0,0,8.9386625289917,4.127134323120117,12.200810432434082,0,0,1,0,0,1,0,0,0,0,0,0,0,0,0,0,0,0,0,0,0,0,0,0,0,0,0,0,0,0,0,0,0,0,0,0,0,0,0,0,0,0,0,0,0,0,0,0,0,0,0,0,0,0,0,0,0,0,0,0,0,0,0,0,0,0,0,0,0,0,0,0,0,0,0,0,0,0,NA,0,NA,0,NA,0,NA,0,NA,0,NA,0,NA,NA,0,0,0,0
Sapphire Ventures,2010,71,4742.6,0,15,7186.60009765625,0.6666666865348816,2017.4000244140625,2,NA,NA,11,8.879973411560059,4821,0,0,1,8.48073673248291,4.2626800537109375,12.899999618530273,1,0,1,0,0,1,0,0,0,0,0,0,0,0,0,0,0,0,0,0,0,0,0,0,0,0,0,0,0,0,0,0,0,0,0,0,0,0,0,0,0,0,0,0,0,0,0,0,0,0,0,0,0,0,0,0,0,0,0,0,0,0,0,0,0,0,0,0,0,0,0,0,0,0,0,0,0,0,NA,0,NA,0,NA,0,NA,0,NA,0,NA,0,NA,NA,0,0,0,0
Accel,1983,539,19446.3,1,45,23914.880859375,0.7777777910232544,2014.5555419921875,3,0.269306480884552,0.5437037348747253,38,10.082256317138672,4459,0,0,1,8.402679443359375,6.289715766906738,0.5437037348747253,0,0,1,0,0,1,0,0,0,0,0,0,0,0,0,0,0,0,0,0,0,0,0,0,0,0,0,0,0,0,0,0,0,0,0,0,0,0,0,0,0,0,0,0,0,0,0,0,0,0,0,0,0,0,0,0,0,0,0,0,0,0,0,0,0,0,0,0,0,0,0,0,0,0,0,0,0,0,NA,0,NA,0,NA,0,NA,0,NA,0,NA,0,NA,NA,0,0,0,0
Andreessen Horowitz,2009,311,38839,0,36,40191.19921875,0.3611111044883728,2018.3055419921875,3,NA,NA,12,10.60140323638916,12297,1,0,0,9.417110443115234,5.739792823791504,16.229999542236328,1,0,1,1,0,0,0,0,0,0,0,0,0,0,0,0,0,0,0,0,0,0,0,0,0,0,0,0,0,0,0,0,0,0,0,0,0,0,0,0,0,0,0,0,0,0,0,0,0,0,0,0,0,0,0,0,0,0,0,0,0,0,0,0,0,0,0,0,0,0,0,0,0,0,0,0,0,0,NA,0,NA,0,NA,0,NA,0,NA,0,NA,0,NA,NA,0,0,0,0
Lightspeed Venture Partners,2000,249,NA,1,33,19145.150390625,0.4545454680919647,2018.242431640625,NA,0.5980059504508972,6.079574108123779,21,9.8598051071167,6958,1,0,0,8.847647666931152,5.517452716827393,6.079574108123779,0,0,1,0,0,0,0,0,0,0,0,0,0,0,0,0,0,0,0,0,0,0,0,0,0,0,0,0,0,0,0,0,0,0,0,0,0,0,0,0,0,0,0,0,0,0,0,0,0,0,0,0,0,0,0,0,0,0,0,0,0,0,0,0,0,0,0,0,0,0,0,0,0,0,0,0,0,0,NA,0,NA,0,NA,0,NA,0,NA,0,NA,0,NA,NA,0,0,0,0
Thrive Capital,2009,57,7343,0,13,7393,0.692307710647583,2017,NA,NA,NA,12,8.908288955688477,6000,0,1,0,8.699514389038086,4.043051242828369,NA,1,0,1,0,0,1,0,0,0,0,0,0,0,0,0,0,0,0,0,0,0,0,0,0,0,0,0,0,0,0,0,0,0,0,0,0,0,0,0,0,0,0,0,0,0,0,0,0,0,0,0,0,0,0,0,0,0,0,0,0,0,0,0,0,0,0,0,0,0,0,0,0,0,0,0,0,0,0,NA,0,NA,0,NA,0,NA,0,NA,0,NA,0,NA,NA,0,0,0,0
GGV Capital,2000,46,7864.62,1,15,4415.6201171875,0.7333333492279053,2015.933349609375,NA,1.665468454360962,14.272231101989746,21,8.392903327941895,5160,1,0,0,8.548691749572754,3.828641414642334,14.272231101989746,0,0,1,0,0,1,0,0,0,0,0,0,0,0,0,0,0,0,0,0,0,0,0,0,0,0,0,0,0,0,0,0,0,0,0,0,0,0,0,0,0,0,0,0,0,0,0,0,0,0,0,0,0,0,0,0,0,0,0,0,0,0,0,0,0,0,0,0,0,0,0,0,0,0,0,0,0,0,NA,0,NA,0,NA,0,NA,0,NA,0,NA,0,NA,NA,0,0,0,0
New Enterprise Associates,1977,115,18056.8,1,14,22293.19921875,0.9285714030265808,2011.2857666015625,3,0.30822643637657166,10.743876457214355,44,10.01203727722168,10006,0,0,1,9.21094036102295,4.744932174682617,10.743876457214355,0,0,1,1,0,0,0,0,0,0,0,0,0,0,0,0,0,0,0,0,0,0,0,0,0,0,0,0,0,0,0,0,0,0,0,0,0,0,0,0,0,0,0,0,0,0,0,0,0,0,0,0,0,0,0,0,0,0,0,0,0,0,0,0,0,0,0,0,0,0,0,0,0,0,0,0,0,0,NA,0,NA,0,NA,0,NA,0,NA,0,NA,0,NA,NA,0,0,0,0
General Catalyst Partners,2000,76,11615.7,1,25,13404.900390625,0.9200000166893005,2017.0400390625,3,0.8628315925598145,NA,21,9.503376007080078,8310,0,1,0,9.025215148925781,4.330733299255371,93.63999938964844,1,0,1,0,0,1,0,0,0,1,0,0,0,0,0,0,0,0,0,0,0,0,0,0,0,0,0,0,0,0,0,0,0,0,0,0,0,0,0,0,0,0,0,0,0,0,0,0,0,0,0,0,0,0,0,0,0,0,0,0,0,0,0,0,0,0,0,0,0,0,0,0,0,0,0,0,0,0,0,0,0,0,0,0,0,0,0,0,0,0,0,0,0,0,0,0
Index Ventures,1996,52,NA,1,18,NA,NA,2014.9000244140625,NA,NA,NA,25,NA,6100,1,0,0,8.716044425964355,3.9512436389923096,NA,1,0,1,1,0,0,0,0,0,0,0,0,0,0,0,0,0,0,0,0,0,0,0,0,0,0,0,0,0,0,0,0,0,0,0,0,0,0,0,0,0,0,0,0,0,0,0,0,0,0,0,0,0,0,0,0,0,0,0,0,0,0,0,0,0,0,0,0,0,0,0,0,0,0,0,0,0,0,NA,0,NA,0,NA,0,NA,0,NA,0,NA,0,NA,NA,0,0,0,0
Sequoia Capital,1972,19,38369.61,1,101,40282.08984375,0.3663366436958313,2016.0098876953125,3,0.6268630623817444,12.568352699279785,49,10.603662490844727,8841,1,0,0,9.08715534210205,2.944438934326172,12.568352699279785,0,0,1,1,0,0,0,0,0,0,0,0,0,0,0,0,0,0,0,0,0,0,0,0,0,0,0,0,0,0,0,0,0,0,0,0,0,0,0,0,0,0,0,0,0,0,0,0,0,0,0,0,0,0,0,0,0,0,0,0,0,0,0,0,0,0,0,0,0,0,0,0,0,0,0,0,0,0,NA,0,NA,0,NA,0,NA,0,NA,0,NA,0,NA,NA,0,0,0,0
Battery Ventures,1983,77,9330,0,15,11505,0.800000011920929,2015.3333740234375,3,1.3571127653121948,14.14863109588623,38,9.350537300109863,3741,0,1,0,8.227108001708984,4.343805313110352,14.14863109588623,0,0,1,0,0,1,0,0,0,0,0,0,0,0,0,0,0,0,0,0,0,0,0,0,0,0,0,0,0,0,0,0,0,0,0,0,0,0,0,0,0,0,0,0,0,0,0,0,0,0,0,0,0,0,0,0,0,0,0,0,0,0,0,0,0,0,0,0,0,0,0,0,0,0,0,0,0,0,NA,0,NA,0,NA,0,NA,0,NA,0,NA,0,NA,NA,0,0,0,0
Flagship Pioneering,1999,195,NA,0,9,6476,0.8888888955116272,2012.111083984375,NA,0.2868660092353821,4.851250648498535,22,8.775857925415039,4812,0,1,0,8.47886848449707,5.2729997634887695,4.851250648498535,0,0,1,1,0,0,0,0,0,0,0,0,0,0,0,0,0,0,0,0,0,0,0,0,0,0,0,0,0,0,0,0,0,0,0,0,0,0,0,0,0,0,0,0,0,0,0,0,0,0,0,0,0,0,0,0,0,0,0,0,0,0,0,0,0,0,0,0,0,0,0,0,0,0,0,0,0,0,NA,0,NA,0,NA,0,NA,0,NA,0,NA,0,NA,NA,0,0,0,0
Norwest Venture Partners,1985,66,5000,1,7,10750,0,2014.7142333984375,3,NA,NA,36,9.282661437988281,6500,0,0,1,8.779557228088379,4.18965482711792,NA,1,0,1,1,0,0,0,0,0,1,0,0,1,0,0,0,0,0,0,0,1,0,0,0,0,0,0,0,0,0,0,0,0,0,0,0,0,0,1,0,0,0,0,0,0,0,0,0,0,0,0,0,0,0,0,0,0,0,0.27272728085517883,0.25,0,0,0,0.6000000238418579,0.30000001192092896,0,0,0,0,0,0.3333333432674408,0.20000000298023224,0,0,0,0,0,0,0,0,0,0,0,0,0,0,0,0,0,0,0,0,0,0,0,0
